domain,cname,registrar,issued,expires,ip,ns,rectime,is_ns
ns4.cctld.co.,['156.154.103.25'],[],,,,['156.154.103.25'],[],2023-02-02 09:23:03.639976,1
ns1.cctld.co.,['37.209.192.14'],[],,,,['37.209.192.14'],[],2023-02-02 09:23:03.854445,1
ns2.cctld.co.,['37.209.194.14'],[],,,,['37.209.194.14'],[],2023-02-02 09:23:04.079792,1
ns5.cctld.co.,['156.154.104.25'],[],,,,['156.154.104.25'],[],2023-02-02 09:23:04.327295,1
ns3.cctld.co.,['37.209.196.14'],[],,,,['37.209.196.14'],[],2023-02-02 09:23:04.476242,1
ns6.cctld.co.,['156.154.105.25'],[],,,,['156.154.105.25'],[],2023-02-02 09:23:04.744522,1
co.,[],[],,,,[],"['ns4.cctld.co.', 'ns1.cctld.co.', 'ns2.cctld.co.', 'ns5.cctld.co.', 'ns3.cctld.co.', 'ns6.cctld.co.']",2023-02-02 09:23:04.891211,0
ns.thechamps.co.,['71.19.154.14'],[],,,,['71.19.154.14'],[],2023-02-02 09:23:05.136073,1
ns2.thechamps.co.,['108.161.137.72'],[],,,,['108.161.137.72'],[],2023-02-02 09:23:05.346116,1
thechamps.co,['71.19.154.14'],[],"GoDaddy.com, LLC",2020-05-27 03:00:43,,['71.19.154.14'],"['ns.thechamps.co.', 'ns2.thechamps.co.']",2023-02-02 09:23:05.470573,0
c.gtld-servers.net.,['192.26.92.30'],[],,,,['192.26.92.30'],[],2023-02-02 09:23:06.431808,1
i.gtld-servers.net.,['192.43.172.30'],[],,,,['192.43.172.30'],[],2023-02-02 09:23:06.712267,1
k.gtld-servers.net.,['192.52.178.30'],[],,,,['192.52.178.30'],[],2023-02-02 09:23:06.942098,1
j.gtld-servers.net.,['192.48.79.30'],[],,,,['192.48.79.30'],[],2023-02-02 09:23:07.166664,1
m.gtld-servers.net.,['192.55.83.30'],[],,,,['192.55.83.30'],[],2023-02-02 09:23:07.363857,1
l.gtld-servers.net.,['192.41.162.30'],[],,,,['192.41.162.30'],[],2023-02-02 09:23:07.578430,1
e.gtld-servers.net.,['192.12.94.30'],[],,,,['192.12.94.30'],[],2023-02-02 09:23:07.825339,1
b.gtld-servers.net.,['192.33.14.30'],[],,,,['192.33.14.30'],[],2023-02-02 09:23:08.039684,1
f.gtld-servers.net.,['192.35.51.30'],[],,,,['192.35.51.30'],[],2023-02-02 09:23:08.259529,1
h.gtld-servers.net.,['192.54.112.30'],[],,,,['192.54.112.30'],[],2023-02-02 09:23:08.485106,1
g.gtld-servers.net.,['192.42.93.30'],[],,,,['192.42.93.30'],[],2023-02-02 09:23:08.697487,1
d.gtld-servers.net.,['192.31.80.30'],[],,,,['192.31.80.30'],[],2023-02-02 09:23:08.897751,1
net.,[],[],,,,[],"['c.gtld-servers.net.', 'i.gtld-servers.net.', 'k.gtld-servers.net.', 'j.gtld-servers.net.', 'm.gtld-servers.net.', 'l.gtld-servers.net.', 'e.gtld-servers.net.', 'b.gtld-servers.net.', 'f.gtld-servers.net.', 'h.gtld-servers.net.', 'g.gtld-servers.net.', 'd.gtld-servers.net.', 'a.gtld-servers.net.']",2023-02-02 09:23:09.041676,0
a.gtld-servers.net.,['192.5.6.30'],[],,,,['192.5.6.30'],[],2023-02-02 09:23:09.312155,1
com.,[],[],,,,[],"['a.gtld-servers.net.', 'k.gtld-servers.net.', 'c.gtld-servers.net.', 'g.gtld-servers.net.', 'b.gtld-servers.net.', 'l.gtld-servers.net.', 'j.gtld-servers.net.', 'h.gtld-servers.net.', 'i.gtld-servers.net.', 'f.gtld-servers.net.', 'm.gtld-servers.net.', 'e.gtld-servers.net.', 'd.gtld-servers.net.']",2023-02-02 09:23:09.445344,0
ns2.shadergrounds.com.,['71.19.154.14'],[],,,,['71.19.154.14'],[],2023-02-02 09:23:09.805970,1
ns.shadergrounds.com.,['71.19.154.14'],[],,,,['71.19.154.14'],[],2023-02-02 09:23:10.269577,1
shadergrounds.com,['71.19.154.14'],[],NAMECHEAP INC,2022-08-28 15:31:44,,['71.19.154.14'],"['ns2.shadergrounds.com.', 'ns.shadergrounds.com.']",2023-02-02 09:23:10.573102,0
ns3.reedmedia.net.,['108.161.137.72'],[],,,,['108.161.137.72'],[],2023-02-02 09:23:11.756863,1
ns2.reedmedia.net.,['108.161.137.72'],[],,,,['108.161.137.72'],[],2023-02-02 09:23:12.080408,1
ns1.reedmedia.net.,['71.19.148.35'],[],,,,['71.19.148.35'],[],2023-02-02 09:23:12.313190,1
reedmedia.net,['71.19.148.35'],[],CSL Computer Service Langenbach GmbH d/b/a joker.com,"[datetime.datetime(1999, 5, 22, 3, 27, 7), datetime.datetime(1999, 5, 21, 23, 27, 7)]",,['71.19.148.35'],"['ns3.reedmedia.net.', 'ns2.reedmedia.net.', 'ns1.reedmedia.net.']",2023-02-02 09:23:12.466113,0
ns2.indiecapsule.com.,['71.19.154.14'],[],,,,['71.19.154.14'],[],2023-02-02 09:23:13.403799,1
ns.indiecapsule.com.,['71.19.154.14'],[],,,,['71.19.154.14'],[],2023-02-02 09:23:13.965645,1
indiecapsule.com,['71.19.154.14'],[],IONOS SE,2023-01-31 18:40:55,,['71.19.154.14'],"['ns2.indiecapsule.com.', 'ns.indiecapsule.com.']",2023-02-02 09:23:14.143822,0
b.iana-servers.net.,['199.43.133.53'],[],,,,['199.43.133.53'],[],2023-02-02 09:27:00.228335,1
a.iana-servers.net.,['199.43.135.53'],[],,,,['199.43.135.53'],[],2023-02-02 09:27:00.711487,1
example.com,['93.184.216.34'],[],RESERVED-Internet Assigned Numbers Authority,1995-08-14 04:00:00,,['93.184.216.34'],"['b.iana-servers.net.', 'a.iana-servers.net.']",2023-02-02 09:27:00.856257,0
ns.freedomdns.net.,['71.19.154.14'],[],,,,['71.19.154.14'],[],2023-02-02 09:27:02.640271,1
ns2.freedomdns.net.,['71.19.154.14'],[],,,,['71.19.154.14'],[],2023-02-02 09:27:03.168582,1
freedomdns.net,['71.19.154.14'],[],NAMECHEAP INC,2022-08-09 15:45:46,,['71.19.154.14'],"['ns.freedomdns.net.', 'ns2.freedomdns.net.']",2023-02-02 09:27:03.467108,0
ns.freedomdns.net,['71.19.154.14'],[],NAMECHEAP INC,2022-08-09 15:45:46,,['71.19.154.14'],[],2023-02-02 09:27:03.893213,0
example.org,['93.184.216.34'],[],ICANN,1995-08-31 04:00:00,,['93.184.216.34'],"['a.iana-servers.net.', 'b.iana-servers.net.']",2023-02-02 09:29:32.565019,0
ns2.example.org,[],[],ICANN,1995-08-31 04:00:00,,[],[],2023-02-02 09:29:33.039430,1
d.ns.facebook.com.,['185.89.219.12'],[],,,,['185.89.219.12'],[],2023-02-02 09:34:08.858893,1
a.ns.facebook.com.,['129.134.30.12'],[],,,,['129.134.30.12'],[],2023-02-02 09:34:09.081635,1
c.ns.facebook.com.,['185.89.218.12'],[],,,,['185.89.218.12'],[],2023-02-02 09:34:09.329667,1
b.ns.facebook.com.,['129.134.31.12'],[],,,,['129.134.31.12'],[],2023-02-02 09:34:09.559242,1
facebook.com,['157.240.19.35'],[],"RegistrarSafe, LLC",1997-03-29 05:00:00,,['157.240.19.35'],"['d.ns.facebook.com.', 'a.ns.facebook.com.', 'c.ns.facebook.com.', 'b.ns.facebook.com.']",2023-02-02 09:34:09.724328,0
star-mini.c10r.facebook.com.,['157.240.19.35'],[],,,,['157.240.19.35'],[],2023-02-02 09:34:10.032559,1
www.facebook.com,"['star-mini.c10r.facebook.com.', '157.240.19.35']",['star-mini.c10r.facebook.com.'],"RegistrarSafe, LLC",1997-03-29 05:00:00,,"['star-mini.c10r.facebook.com.', '157.240.19.35']",['star-mini.c10r.facebook.com.'],2023-02-02 09:34:10.116356,0
aspen.ns.cloudflare.com.,"['172.64.34.109', '108.162.194.109', '162.159.38.109']",[],,,,"['172.64.34.109', '108.162.194.109', '162.159.38.109']",[],2023-02-02 09:35:42.111091,1
yoxall.ns.cloudflare.com.,"['162.159.44.47', '108.162.195.47', '172.64.35.47']",[],,,,"['108.162.195.47', '162.159.44.47', '172.64.35.47']",[],2023-02-02 09:35:42.406324,1
godotengine.org,"['104.21.36.120', '172.67.193.253']",[],Gandi SAS,2008-07-02 19:15:43,,"['172.67.193.253', '104.21.36.120']","['aspen.ns.cloudflare.com.', 'yoxall.ns.cloudflare.com.']",2023-02-02 09:35:42.556701,0
ns.godotbites.com.,['71.19.154.14'],[],,,,['71.19.154.14'],[],2023-02-02 09:35:44.333616,1
ns2.godotbites.com.,['71.19.154.14'],[],,,,['71.19.154.14'],[],2023-02-02 09:35:44.744741,1
godotbites.com,['71.19.154.14'],[],IONOS SE,2023-01-19 14:52:40,,['71.19.154.14'],"['ns.godotbites.com.', 'ns2.godotbites.com.']",2023-02-02 09:35:45.059803,0
y.nic.ink.,['156.154.173.82'],[],,,,['156.154.173.82'],[],2023-02-02 09:35:48.417674,1
a.nic.ink.,['37.209.192.10'],[],,,,['37.209.192.10'],[],2023-02-02 09:35:48.738205,1
c.nic.ink.,['37.209.196.10'],[],,,,['37.209.196.10'],[],2023-02-02 09:35:49.074228,1
b.nic.ink.,['37.209.194.10'],[],,,,['37.209.194.10'],[],2023-02-02 09:35:49.384743,1
x.nic.ink.,['156.154.172.82'],[],,,,['156.154.172.82'],[],2023-02-02 09:35:49.700080,1
z.nic.ink.,['156.154.174.82'],[],,,,['156.154.174.82'],[],2023-02-02 09:35:50.041035,1
ink.,[],[],,,,[],"['y.nic.ink.', 'a.nic.ink.', 'c.nic.ink.', 'b.nic.ink.', 'x.nic.ink.', 'z.nic.ink.']",2023-02-02 09:35:50.204687,0
ns.linkly.ink.,['71.19.154.14'],[],,,,['71.19.154.14'],[],2023-02-02 09:35:50.884436,1
ns2.linkly.ink.,['71.19.154.14'],[],,,,['71.19.154.14'],[],2023-02-02 09:35:51.600677,1
linkly.ink,['71.19.154.14'],[],NAMECHEAP INC,"[datetime.datetime(2022, 12, 15, 5, 50, 49), datetime.datetime(2022, 12, 15, 5, 50, 49, 720000)]",,['71.19.154.14'],"['ns.linkly.ink.', 'ns2.linkly.ink.']",2023-02-02 09:35:51.778285,0
d.u06.twtrdns.net.,['204.74.111.101'],[],,,,['204.74.111.101'],[],2023-02-02 09:36:17.487644,1
ns3.p34.dynect.net.,['108.59.163.34'],[],,,,['108.59.163.34'],[],2023-02-02 09:36:17.774728,1
ns4.p34.dynect.net.,['108.59.164.34'],[],,,,['108.59.164.34'],[],2023-02-02 09:36:18.055783,1
c.r06.twtrdns.net.,['205.251.194.151'],[],,,,['205.251.194.151'],[],2023-02-02 09:36:18.351863,1
a.r06.twtrdns.net.,['205.251.192.179'],[],,,,['205.251.192.179'],[],2023-02-02 09:36:18.628330,1
ns1.p34.dynect.net.,['108.59.161.34'],[],,,,['108.59.161.34'],[],2023-02-02 09:36:18.956121,1
b.u06.twtrdns.net.,['204.74.67.101'],[],,,,['204.74.67.101'],[],2023-02-02 09:36:19.247622,1
b.r06.twtrdns.net.,['205.251.196.198'],[],,,,['205.251.196.198'],[],2023-02-02 09:36:19.525472,1
d.r06.twtrdns.net.,['205.251.199.195'],[],,,,['205.251.199.195'],[],2023-02-02 09:36:19.818194,1
a.u06.twtrdns.net.,['204.74.66.101'],[],,,,['204.74.66.101'],[],2023-02-02 09:36:20.130988,1
c.u06.twtrdns.net.,['204.74.110.101'],[],,,,['204.74.110.101'],[],2023-02-02 09:36:20.409940,1
ns2.p34.dynect.net.,['108.59.162.34'],[],,,,['108.59.162.34'],[],2023-02-02 09:36:20.734998,1
twitter.com,"['104.244.42.65', '104.244.42.193']",[],"CSC CORPORATE DOMAINS, INC.","[datetime.datetime(2000, 1, 21, 16, 28, 17), datetime.datetime(2000, 1, 21, 11, 28, 17)]",,"['104.244.42.65', '104.244.42.193']","['d.u06.twtrdns.net.', 'ns3.p34.dynect.net.', 'ns4.p34.dynect.net.', 'c.r06.twtrdns.net.', 'a.r06.twtrdns.net.', 'ns1.p34.dynect.net.', 'b.u06.twtrdns.net.', 'b.r06.twtrdns.net.', 'd.r06.twtrdns.net.', 'a.u06.twtrdns.net.', 'c.u06.twtrdns.net.', 'ns2.p34.dynect.net.']",2023-02-02 09:36:20.890116,0
twitter.com.,"['104.244.42.193', '104.244.42.65']",[],,,,"['104.244.42.65', '104.244.42.193']","['d.r06.twtrdns.net.', 'a.u06.twtrdns.net.', 'ns1.p34.dynect.net.', 'b.r06.twtrdns.net.', 'c.r06.twtrdns.net.', 'ns3.p34.dynect.net.', 'ns2.p34.dynect.net.', 'b.u06.twtrdns.net.', 'd.u06.twtrdns.net.', 'c.u06.twtrdns.net.', 'a.r06.twtrdns.net.', 'ns4.p34.dynect.net.']",2023-02-02 09:36:21.105056,1
www.twitter.com,"['twitter.com.', '104.244.42.65', '104.244.42.193']",['twitter.com.'],"CSC CORPORATE DOMAINS, INC.","[datetime.datetime(2000, 1, 21, 16, 28, 17), datetime.datetime(2000, 1, 21, 11, 28, 17)]",,"['twitter.com.', '104.244.42.65', '104.244.42.193']","['twitter.com.', 'ns1.p34.dynect.net.', 'ns3.p34.dynect.net.', 'd.r06.twtrdns.net.', 'd.u06.twtrdns.net.', 'c.u06.twtrdns.net.', 'b.r06.twtrdns.net.', 'c.r06.twtrdns.net.', 'a.u06.twtrdns.net.', 'a.r06.twtrdns.net.', 'ns4.p34.dynect.net.', 'ns2.p34.dynect.net.', 'b.u06.twtrdns.net.']",2023-02-02 09:36:21.199377,0
gabe.ns.cloudflare.com.,"['108.162.193.114', '172.64.33.114', '173.245.59.114']",[],,,,"['172.64.33.114', '173.245.59.114', '108.162.193.114']",[],2023-02-02 09:36:23.041131,1
sima.ns.cloudflare.com.,"['172.64.32.222', '173.245.58.222', '108.162.192.222']",[],,,,"['173.245.58.222', '172.64.32.222', '108.162.192.222']",[],2023-02-02 09:36:23.348915,1
discord.gg,"['162.159.130.234', '162.159.136.234', '162.159.135.234', '162.159.133.234', '162.159.134.234']",[],,,,"['162.159.134.234', '162.159.130.234', '162.159.136.234', '162.159.133.234', '162.159.135.234']","['gabe.ns.cloudflare.com.', 'sima.ns.cloudflare.com.']",2023-02-02 09:36:23.495145,0
a0.info.afilias-nst.info.,['199.254.31.1'],[],,,,['199.254.31.1'],[],2023-02-02 09:36:26.222263,1
a2.info.afilias-nst.info.,['199.249.113.1'],[],,,,['199.249.113.1'],[],2023-02-02 09:36:26.725381,1
b0.info.afilias-nst.org.,['199.254.48.1'],[],,,,['199.254.48.1'],[],2023-02-02 09:36:27.048296,1
b2.info.afilias-nst.org.,['199.249.121.1'],[],,,,['199.249.121.1'],[],2023-02-02 09:36:28.150175,1
c0.info.afilias-nst.info.,['199.254.49.1'],[],,,,['199.254.49.1'],[],2023-02-02 09:36:29.315084,1
d0.info.afilias-nst.org.,['199.254.50.1'],[],,,,['199.254.50.1'],[],2023-02-02 09:36:29.630075,1
info.,[],[],,,,[],"['a0.info.afilias-nst.info.', 'a2.info.afilias-nst.info.', 'b0.info.afilias-nst.org.', 'b2.info.afilias-nst.org.', 'c0.info.afilias-nst.info.', 'd0.info.afilias-nst.org.']",2023-02-02 09:36:29.907776,0
a0.org.afilias-nst.info.,['199.19.56.1'],[],,,,['199.19.56.1'],[],2023-02-02 09:36:30.718375,1
a2.org.afilias-nst.info.,['199.249.112.1'],[],,,,['199.249.112.1'],[],2023-02-02 09:36:31.553584,1
b0.org.afilias-nst.org.,['199.19.54.1'],[],,,,['199.19.54.1'],[],2023-02-02 09:36:31.870716,1
b2.org.afilias-nst.org.,['199.249.120.1'],[],,,,['199.249.120.1'],[],2023-02-02 09:36:32.612434,1
c0.org.afilias-nst.info.,['199.19.53.1'],[],,,,['199.19.53.1'],[],2023-02-02 09:36:33.481368,1
d0.org.afilias-nst.org.,['199.19.57.1'],[],,,,['199.19.57.1'],[],2023-02-02 09:36:33.981483,1
org.,[],[],,,,[],"['a0.org.afilias-nst.info.', 'a2.org.afilias-nst.info.', 'b0.org.afilias-nst.org.', 'b2.org.afilias-nst.org.', 'c0.org.afilias-nst.info.', 'd0.org.afilias-nst.org.']",2023-02-02 09:36:34.139592,0
ns-1450.awsdns-53.org.,['205.251.197.170'],[],,,,['205.251.197.170'],[],2023-02-02 09:36:34.447941,1
dns3.nic.uk.,['213.248.220.1'],[],,,,['213.248.220.1'],[],2023-02-02 09:36:35.243918,1
dns4.nic.uk.,['43.230.48.1'],[],,,,['43.230.48.1'],[],2023-02-02 09:36:35.708363,1
dns1.nic.uk.,['213.248.216.1'],[],,,,['213.248.216.1'],[],2023-02-02 09:36:36.080382,1
nsb.nic.uk.,['156.154.101.3'],[],,,,['156.154.101.3'],[],2023-02-02 09:36:36.684308,1
nsa.nic.uk.,['156.154.100.3'],[],,,,['156.154.100.3'],[],2023-02-02 09:36:37.054429,1
nsd.nic.uk.,['156.154.103.3'],[],,,,['156.154.103.3'],[],2023-02-02 09:36:37.458730,1
nsc.nic.uk.,['156.154.102.3'],[],,,,['156.154.102.3'],[],2023-02-02 09:36:37.765180,1
dns2.nic.uk.,['103.49.80.1'],[],,,,['103.49.80.1'],[],2023-02-02 09:36:38.105558,1
uk.,[],[],,,,[],"['dns3.nic.uk.', 'dns4.nic.uk.', 'dns1.nic.uk.', 'nsb.nic.uk.', 'nsa.nic.uk.', 'nsd.nic.uk.', 'nsc.nic.uk.', 'dns2.nic.uk.']",2023-02-02 09:36:38.269571,0
ns-1778.awsdns-30.co.uk.,['205.251.198.242'],[],,,,['205.251.198.242'],[],2023-02-02 09:36:38.622971,1
ns-219.awsdns-27.com.,['205.251.192.219'],[],,,,['205.251.192.219'],[],2023-02-02 09:36:39.005952,1
ns-664.awsdns-19.net.,['205.251.194.152'],[],,,,['205.251.194.152'],[],2023-02-02 09:36:39.299601,1
twitch.tv,"['151.101.194.167', '151.101.130.167', '151.101.66.167', '151.101.2.167']",[],,,,"['151.101.66.167', '151.101.194.167', '151.101.130.167', '151.101.2.167']","['ns-1450.awsdns-53.org.', 'ns-1778.awsdns-30.co.uk.', 'ns-219.awsdns-27.com.', 'ns-664.awsdns-19.net.']",2023-02-02 09:36:39.506573,0
twitch.map.fastly.net.,['151.101.206.167'],[],,,,['151.101.206.167'],[],2023-02-02 09:36:39.913056,1
www.twitch.tv,"['twitch.map.fastly.net.', '151.101.206.167']",['twitch.map.fastly.net.'],,,,"['twitch.map.fastly.net.', '151.101.206.167']",['twitch.map.fastly.net.'],2023-02-02 09:36:39.985169,0
eve.ns.cloudflare.com.,"['108.162.194.204', '162.159.38.204', '172.64.34.204']",[],,,,"['172.64.34.204', '108.162.194.204', '162.159.38.204']",[],2023-02-02 09:36:41.285273,1
ruben.ns.cloudflare.com.,"['172.64.35.71', '162.159.44.71', '108.162.195.71']",[],,,,"['108.162.195.71', '172.64.35.71', '162.159.44.71']",[],2023-02-02 09:36:41.629148,1
ko-fi.com,"['104.22.28.80', '104.22.29.80', '172.67.26.21']",[],"Wild West Domains, LLC","[datetime.datetime(2011, 5, 15, 20, 30, 33), datetime.datetime(2011, 5, 15, 15, 30, 33)]",,"['172.67.26.21', '104.22.29.80', '104.22.28.80']","['eve.ns.cloudflare.com.', 'ruben.ns.cloudflare.com.']",2023-02-02 09:36:41.799540,0
dawn.ns.cloudflare.com.,"['173.245.58.106', '108.162.192.106', '172.64.32.106']",[],,,,"['173.245.58.106', '172.64.32.106', '108.162.192.106']",[],2023-02-02 09:36:44.545916,1
noah.ns.cloudflare.com.,"['172.64.33.133', '108.162.193.133', '173.245.59.133']",[],,,,"['108.162.193.133', '172.64.33.133', '173.245.59.133']",[],2023-02-02 09:36:44.835060,1
itch.io,['173.255.250.29'],[],1API GmbH,2011-10-27 23:55:37,,['173.255.250.29'],"['dawn.ns.cloudflare.com.', 'noah.ns.cloudflare.com.']",2023-02-02 09:36:44.985673,0
a2.nic.io.,['65.22.163.17'],[],,,,['65.22.163.17'],[],2023-02-02 09:36:45.391972,1
b0.nic.io.,['65.22.161.17'],[],,,,['65.22.161.17'],[],2023-02-02 09:36:45.974864,1
c0.nic.io.,['65.22.162.17'],[],,,,['65.22.162.17'],[],2023-02-02 09:36:46.255690,1
a0.nic.io.,['65.22.160.17'],[],,,,['65.22.160.17'],[],2023-02-02 09:36:46.560514,1
io.,[],[],,,,[],"['a2.nic.io.', 'b0.nic.io.', 'c0.nic.io.', 'a0.nic.io.']",2023-02-02 09:36:46.724304,0
itch.io.,['173.255.250.29'],[],,,,['173.255.250.29'],"['noah.ns.cloudflare.com.', 'dawn.ns.cloudflare.com.']",2023-02-02 09:36:46.907988,1
raysan5.itch.io,"['itch.io.', '173.255.250.29']",['itch.io.'],1API GmbH,2011-10-27 23:55:37,,"['itch.io.', '173.255.250.29']","['itch.io.', 'dawn.ns.cloudflare.com.', 'noah.ns.cloudflare.com.']",2023-02-02 09:36:47.005476,0
roxy.ns.cloudflare.com.,"['173.245.58.142', '108.162.192.142', '172.64.32.142']",[],,,,"['108.162.192.142', '172.64.32.142', '173.245.58.142']",[],2023-02-02 09:36:48.483151,1
todd.ns.cloudflare.com.,"['172.64.33.146', '108.162.193.146', '173.245.59.146']",[],,,,"['108.162.193.146', '173.245.59.146', '172.64.33.146']",[],2023-02-02 09:36:48.779146,1
handmade.network,"['104.21.89.60', '172.67.138.73']",[],,,,"['104.21.89.60', '172.67.138.73']","['roxy.ns.cloudflare.com.', 'todd.ns.cloudflare.com.']",2023-02-02 09:36:49.451518,0
raylib.handmade.network,"['104.21.89.60', '172.67.138.73']",[],,,,"['172.67.138.73', '104.21.89.60']",[],2023-02-02 09:36:49.776793,0
ns-1029.awsdns-00.org.,['205.251.196.5'],[],,,,['205.251.196.5'],[],2023-02-02 09:36:52.337756,1
ns-1887.awsdns-43.co.uk.,['205.251.199.95'],[],,,,['205.251.199.95'],[],2023-02-02 09:36:52.678381,1
ns-378.awsdns-47.com.,['205.251.193.122'],[],,,,['205.251.193.122'],[],2023-02-02 09:36:52.989117,1
ns-557.awsdns-05.net.,['205.251.194.45'],[],,,,['205.251.194.45'],[],2023-02-02 09:36:53.322694,1
reddit.com,"['151.101.1.140', '151.101.65.140', '151.101.129.140', '151.101.193.140']",[],MarkMonitor Inc.,2005-04-29 17:59:19,,"['151.101.129.140', '151.101.1.140', '151.101.65.140', '151.101.193.140']","['ns-1029.awsdns-00.org.', 'ns-1887.awsdns-43.co.uk.', 'ns-378.awsdns-47.com.', 'ns-557.awsdns-05.net.']",2023-02-02 09:36:53.507391,0
reddit.map.fastly.net.,['199.232.69.140'],[],,,,['199.232.69.140'],[],2023-02-02 09:36:53.822382,1
www.reddit.com,"['reddit.map.fastly.net.', '199.232.69.140']",['reddit.map.fastly.net.'],"MarkMonitor, Inc.",2005-04-29 17:59:19,,"['reddit.map.fastly.net.', '199.232.69.140']",['reddit.map.fastly.net.'],2023-02-02 09:36:53.921446,0
ns4.google.com.,['216.239.38.10'],[],,,,['216.239.38.10'],[],2023-02-02 09:36:55.562795,1
ns1.google.com.,['216.239.32.10'],[],,,,['216.239.32.10'],[],2023-02-02 09:36:55.816065,1
ns2.google.com.,['216.239.34.10'],[],,,,['216.239.34.10'],[],2023-02-02 09:36:56.098333,1
ns3.google.com.,['216.239.36.10'],[],,,,['216.239.36.10'],[],2023-02-02 09:36:56.369418,1
youtube.com,['142.250.191.206'],[],MarkMonitor Inc.,2005-02-15 05:13:12,,['142.250.191.206'],"['ns4.google.com.', 'ns1.google.com.', 'ns2.google.com.', 'ns3.google.com.']",2023-02-02 09:36:56.538130,0
youtube-ui.l.google.com.,"['172.217.4.78', '172.217.0.174', '172.217.5.14', '142.250.190.78', '142.250.190.110', '142.250.191.110', '142.250.191.142', '142.250.190.46', '142.250.191.174', '142.250.190.142', '142.250.191.238', '172.217.2.46', '172.217.1.110', '142.250.191.206', '172.217.4.46', '172.217.4.206']",[],,,,"['172.217.4.206', '142.250.191.174', '142.250.191.110', '142.250.190.78', '172.217.2.46', '172.217.1.110', '172.217.4.46', '172.217.4.78', '142.250.190.46', '142.250.191.142', '172.217.0.174', '172.217.5.14', '142.250.191.238', '142.250.191.206', '142.250.190.110', '142.250.190.142']",[],2023-02-02 09:36:56.853597,1
www.youtube.com,"['youtube-ui.l.google.com.', '172.217.5.14', '142.250.190.78', '172.217.4.206', '142.250.190.110', '142.250.191.142', '172.217.4.46', '142.250.191.174', '142.250.191.238', '142.250.191.206', '172.217.2.46', '142.250.190.46', '142.250.191.110', '172.217.4.78', '172.217.0.174', '142.250.190.142', '172.217.1.110']",['youtube-ui.l.google.com.'],"MarkMonitor, Inc.",2005-02-15 05:13:12,,"['youtube-ui.l.google.com.', '142.250.190.142', '142.250.191.206', '172.217.1.110', '142.250.191.142', '142.250.191.174', '172.217.5.14', '142.250.190.78', '172.217.0.174', '142.250.191.238', '172.217.2.46', '172.217.4.78', '172.217.4.206', '172.217.4.46', '142.250.190.46', '142.250.190.110', '142.250.191.110']",['youtube-ui.l.google.com.'],2023-02-02 09:36:56.957314,0
sharon.ns.cloudflare.com.,"['108.162.192.221', '172.64.32.221', '173.245.58.221']",[],,,,"['172.64.32.221', '173.245.58.221', '108.162.192.221']",[],2023-02-02 09:36:58.363834,1
will.ns.cloudflare.com.,"['172.64.33.149', '108.162.193.149', '173.245.59.149']",[],,,,"['108.162.193.149', '173.245.59.149', '172.64.33.149']",[],2023-02-02 09:36:58.642436,1
patreon.com,"['104.16.6.49', '104.16.7.49']",[],MarkMonitor Inc.,2013-02-27 05:48:01,,"['104.16.6.49', '104.16.7.49']","['sharon.ns.cloudflare.com.', 'will.ns.cloudflare.com.']",2023-02-02 09:36:58.843074,0
www.patreon.com,"['104.16.7.49', '104.16.6.49']",[],"MarkMonitor, Inc.",2013-02-27 05:48:01,,"['104.16.6.49', '104.16.7.49']",[],2023-02-02 09:36:59.130010,0
grace.ns.cloudflare.com.,"['173.245.58.159', '108.162.192.159', '172.64.32.159']",[],,,,"['173.245.58.159', '172.64.32.159', '108.162.192.159']",[],2023-02-02 09:37:02.265924,1
greg.ns.cloudflare.com.,"['108.162.193.115', '172.64.33.115', '173.245.59.115']",[],,,,"['173.245.59.115', '108.162.193.115', '172.64.33.115']",[],2023-02-02 09:37:02.564083,1
redbubble.com,"['104.18.8.241', '104.18.9.241']",[],"Amazon Registrar, Inc.",2004-06-13 18:24:05,,"['104.18.8.241', '104.18.9.241']","['grace.ns.cloudflare.com.', 'greg.ns.cloudflare.com.']",2023-02-02 09:37:02.756174,0
www.redbubble.com,"['104.18.9.241', '104.18.8.241']",[],"Amazon Registrar, Inc.",2004-06-13 18:24:05,,"['104.18.8.241', '104.18.9.241']",[],2023-02-02 09:37:02.973334,0
dns1.p08.nsone.net.,['198.51.44.8'],[],,,,['198.51.44.8'],[],2023-02-02 09:37:04.505654,1
dns2.p08.nsone.net.,['198.51.45.8'],[],,,,['198.51.45.8'],[],2023-02-02 09:37:04.761176,1
dns3.p08.nsone.net.,['198.51.44.72'],[],,,,['198.51.44.72'],[],2023-02-02 09:37:05.020107,1
dns4.p08.nsone.net.,['198.51.45.72'],[],,,,['198.51.45.72'],[],2023-02-02 09:37:05.281909,1
ns-1283.awsdns-32.org.,['205.251.197.3'],[],,,,['205.251.197.3'],[],2023-02-02 09:37:05.559359,1
ns-1707.awsdns-21.co.uk.,['205.251.198.171'],[],,,,['205.251.198.171'],[],2023-02-02 09:37:05.885070,1
ns-421.awsdns-52.com.,['205.251.193.165'],[],,,,['205.251.193.165'],[],2023-02-02 09:37:06.127854,1
ns-520.awsdns-01.net.,['205.251.194.8'],[],,,,['205.251.194.8'],[],2023-02-02 09:37:06.462203,1
github.com,['140.82.114.3'],[],"MarkMonitor, Inc.",2007-10-09 18:20:50,,['140.82.114.3'],"['dns1.p08.nsone.net.', 'dns2.p08.nsone.net.', 'dns3.p08.nsone.net.', 'dns4.p08.nsone.net.', 'ns-1283.awsdns-32.org.', 'ns-1707.awsdns-21.co.uk.', 'ns-421.awsdns-52.com.', 'ns-520.awsdns-01.net.']",2023-02-02 09:37:06.616806,0
ns9.piensasolutions.com.,['217.76.150.149'],[],,,,['217.76.150.149'],[],2023-02-02 09:37:08.716868,1
ns10.piensasolutions.com.,['82.223.219.198'],[],,,,['82.223.219.198'],[],2023-02-02 09:37:09.417475,1
raylib.com,['185.199.109.153'],[],"Arsys Internet, S.L. dba NICLINE.COM",2013-09-05 18:02:21,,['185.199.109.153'],"['ns9.piensasolutions.com.', 'ns10.piensasolutions.com.']",2023-02-02 09:37:09.679076,0
raysan5.github.io.,"['185.199.109.153', '185.199.108.153', '185.199.111.153', '185.199.110.153']",[],,,,"['185.199.111.153', '185.199.110.153', '185.199.108.153', '185.199.109.153']",[],2023-02-02 09:37:09.972395,1
www.raylib.com,"['raysan5.github.io.', '185.199.108.153', '185.199.110.153', '185.199.111.153', '185.199.109.153']",['raysan5.github.io.'],"Arsys Internet, S.L. dba NICLINE.COM",2013-09-05 18:02:21,,"['raysan5.github.io.', '185.199.110.153', '185.199.111.153', '185.199.109.153', '185.199.108.153']",['raysan5.github.io.'],2023-02-02 09:37:10.064822,0
googleblog.com,['142.250.191.193'],[],MarkMonitor Inc.,2002-06-29 04:01:59,,['142.250.191.193'],"['ns1.google.com.', 'ns3.google.com.', 'ns4.google.com.', 'ns2.google.com.']",2023-02-02 09:37:16.615372,0
blogspot.l.googleusercontent.com.,['142.250.190.33'],[],,,,['142.250.190.33'],[],2023-02-02 09:37:16.913096,1
opensource.googleblog.com,"['blogspot.l.googleusercontent.com.', '142.250.190.33']",['blogspot.l.googleusercontent.com.'],"MarkMonitor, Inc.","[datetime.datetime(2002, 6, 29, 4, 1, 59), datetime.datetime(2002, 6, 29, 7, 0)]",,"['blogspot.l.googleusercontent.com.', '142.250.190.33']",['blogspot.l.googleusercontent.com.'],2023-02-02 09:37:17.012718,0
ns-1501.awsdns-59.org.,['205.251.197.221'],[],,,,['205.251.197.221'],[],2023-02-02 09:37:19.171305,1
ns-1839.awsdns-37.co.uk.,['205.251.199.47'],[],,,,['205.251.199.47'],[],2023-02-02 09:37:19.463739,1
ns-645.awsdns-16.net.,['205.251.194.133'],[],,,,['205.251.194.133'],[],2023-02-02 09:37:19.772442,1
ns-95.awsdns-11.com.,['205.251.192.95'],[],,,,['205.251.192.95'],[],2023-02-02 09:37:20.060998,1
unrealengine.com,"['34.231.35.110', '35.171.44.185', '52.73.73.69']",[],MarkMonitor Inc.,1998-07-01 04:00:00,,"['34.231.35.110', '35.171.44.185', '52.73.73.69']","['ns-1501.awsdns-59.org.', 'ns-1839.awsdns-37.co.uk.', 'ns-645.awsdns-16.net.', 'ns-95.awsdns-11.com.']",2023-02-02 09:37:20.188774,0
unrealengine.com.,"['52.73.73.69', '34.231.35.110', '35.171.44.185']",[],,,,"['34.231.35.110', '35.171.44.185', '52.73.73.69']","['ns-1839.awsdns-37.co.uk.', 'ns-645.awsdns-16.net.', 'ns-95.awsdns-11.com.', 'ns-1501.awsdns-59.org.']",2023-02-02 09:37:20.409798,1
www.unrealengine.com,"['unrealengine.com.', '35.171.44.185', '34.231.35.110', '52.73.73.69']",['unrealengine.com.'],"MarkMonitor, Inc.",1998-07-01 04:00:00,,"['unrealengine.com.', '35.171.44.185', '52.73.73.69', '34.231.35.110']","['unrealengine.com.', 'ns-1839.awsdns-37.co.uk.', 'ns-645.awsdns-16.net.', 'ns-95.awsdns-11.com.', 'ns-1501.awsdns-59.org.']",2023-02-02 09:37:20.496606,0
dns1.p05.nsone.net.,['198.51.44.5'],[],,,,['198.51.44.5'],[],2023-02-02 09:37:32.076115,1
dns2.p05.nsone.net.,['198.51.45.5'],[],,,,['198.51.45.5'],[],2023-02-02 09:37:32.328731,1
dns3.p05.nsone.net.,['198.51.44.69'],[],,,,['198.51.44.69'],[],2023-02-02 09:37:32.585073,1
dns4.p05.nsone.net.,['198.51.45.69'],[],,,,['198.51.45.69'],[],2023-02-02 09:37:32.864413,1
ns-1339.awsdns-39.org.,['205.251.197.59'],[],,,,['205.251.197.59'],[],2023-02-02 09:37:33.157914,1
ns-1622.awsdns-10.co.uk.,['205.251.198.86'],[],,,,['205.251.198.86'],[],2023-02-02 09:37:33.467105,1
ns-393.awsdns-49.com.,['205.251.193.137'],[],,,,['205.251.193.137'],[],2023-02-02 09:37:34.230667,1
ns-692.awsdns-22.net.,['205.251.194.180'],[],,,,['205.251.194.180'],[],2023-02-02 09:37:34.543342,1
github.io,"['185.199.108.153', '185.199.109.153', '185.199.111.153', '185.199.110.153']",[],"MarkMonitor, Inc.","[datetime.datetime(2013, 3, 8, 19, 12, 48), datetime.datetime(2013, 3, 8, 19, 41, 10)]",,"['185.199.108.153', '185.199.109.153', '185.199.110.153', '185.199.111.153']","['dns1.p05.nsone.net.', 'dns2.p05.nsone.net.', 'dns3.p05.nsone.net.', 'dns4.p05.nsone.net.', 'ns-1339.awsdns-39.org.', 'ns-1622.awsdns-10.co.uk.', 'ns-393.awsdns-49.com.', 'ns-692.awsdns-22.net.']",2023-02-02 09:37:34.814900,0
electronstudio.github.io,"['185.199.111.153', '185.199.109.153', '185.199.108.153', '185.199.110.153']",[],,,,"['185.199.110.153', '185.199.109.153', '185.199.111.153', '185.199.108.153']",[],2023-02-02 09:37:35.054948,0
ns19.piensasolutions.com.,['217.76.156.140'],[],,,,['217.76.156.140'],[],2023-02-02 09:37:44.076682,1
ns20.piensasolutions.com.,['82.223.219.206'],[],,,,['82.223.219.206'],[],2023-02-02 09:37:44.741803,1
raylibtech.com,['185.199.110.153'],[],"Arsys Internet, S.L. dba NICLINE.COM",2018-05-11 15:36:22,,['185.199.110.153'],"['ns19.piensasolutions.com.', 'ns20.piensasolutions.com.']",2023-02-02 09:37:45.172465,0
raylibtech.github.io.,"['185.199.108.153', '185.199.111.153', '185.199.109.153', '185.199.110.153']",[],,,,"['185.199.108.153', '185.199.109.153', '185.199.111.153', '185.199.110.153']",[],2023-02-02 09:37:45.477780,1
www.raylibtech.com,"['raylibtech.github.io.', '185.199.109.153', '185.199.111.153', '185.199.108.153', '185.199.110.153']",['raylibtech.github.io.'],"Arsys Internet, S.L. dba NICLINE.COM",2018-05-11 15:36:22,,"['raylibtech.github.io.', '185.199.109.153', '185.199.110.153', '185.199.111.153', '185.199.108.153']",['raylibtech.github.io.'],2023-02-02 09:37:45.560711,0
raylibtech.itch.io,"['itch.io.', '173.255.250.29']",['itch.io.'],1API GmbH,2011-10-27 23:55:37,,"['itch.io.', '173.255.250.29']","['itch.io.', 'noah.ns.cloudflare.com.', 'dawn.ns.cloudflare.com.']",2023-02-02 09:37:47.756939,0
